City_ID,City,Country,Date,Lat,Lng,Max Temp,Humidity,Cloudiness,Wind Speed
0,Luderitz,NA,2021-03-30 19:39:37,-26.6481,15.1594,64.26,79,0,10.09
1,Tiksi,RU,2021-03-30 19:39:38,71.6872,128.8694,-4.32,99,100,6.31
2,Dalbandin,PK,2021-03-30 19:39:38,28.8947,64.4101,64.54,12,0,3.74
3,Mindelo,CV,2021-03-30 19:39:38,16.8901,-24.9804,71.6,60,75,20.71
4,Ushuaia,AR,2021-03-30 19:39:39,-54.8,-68.3,48.2,61,20,23.02
5,Hermanus,ZA,2021-03-30 19:39:39,-34.4187,19.2345,61.0,89,5,1.01
6,Cape Town,ZA,2021-03-30 19:37:53,-33.9258,18.4232,64.99,88,0,8.05
7,Tasiilaq,GL,2021-03-30 19:39:39,65.6145,-37.6368,24.8,50,75,1.14
8,Mataura,NZ,2021-03-30 19:39:40,-46.1927,168.8643,55.0,98,99,1.32
9,Vaini,TO,2021-03-30 19:39:40,-21.2,-175.2,80.6,89,20,5.75
10,Puerto Ayora,EC,2021-03-30 19:39:40,-0.7393,-90.3518,82.4,74,20,8.05
11,Wanaka,NZ,2021-03-30 19:39:41,-44.7,169.15,55.58,84,73,0.94
12,Severo-Kurilsk,RU,2021-03-30 19:39:41,50.6789,156.125,35.06,92,73,5.08
13,Bridlington,GB,2021-03-30 19:39:41,54.0831,-0.1919,59.0,58,80,3.44
14,Hobart,AU,2021-03-30 19:37:14,-42.8794,147.3294,55.4,82,75,8.05
15,Barrow,US,2021-03-30 19:39:42,71.2906,-156.7887,-7.6,71,1,27.63
16,Atuona,PF,2021-03-30 19:39:42,-9.8,-139.0333,80.98,74,94,19.42
17,Krikellos,GR,2021-03-30 19:39:42,38.95,21.1833,55.4,82,20,4.61
18,Beyneu,KZ,2021-03-30 19:39:43,45.3167,55.2,40.06,63,5,5.03
19,Camacha,PT,2021-03-30 19:39:43,33.0833,-16.3333,64.4,77,20,2.3
20,Thompson,CA,2021-03-30 19:36:33,55.7435,-97.8558,6.8,47,75,18.41
21,Omboue,GA,2021-03-30 19:39:44,-1.5746,9.2618,78.78,86,100,6.76
22,Bethel,US,2021-03-30 19:39:44,41.3712,-73.414,59.0,33,1,10.36
23,Faanui,PF,2021-03-30 19:39:44,-16.4833,-151.75,81.09,74,31,3.91
24,Brae,GB,2021-03-30 19:39:45,60.3964,-1.353,42.8,93,100,8.05
25,Bathurst,AU,2021-03-30 19:39:45,-33.4166,149.5806,42.01,97,0,2.86
26,Kavieng,PG,2021-03-30 19:39:45,-2.5744,150.7967,81.43,76,100,3.29
27,Jamestown,US,2021-03-30 19:37:36,42.097,-79.2353,66.99,24,1,23.02
28,Luganville,VU,2021-03-30 19:39:46,-15.5333,167.1667,80.19,85,47,5.55
29,Butaritari,KI,2021-03-30 19:39:46,3.0707,172.7902,82.4,76,100,18.07
30,Nikolskoye,RU,2021-03-30 19:39:46,59.7035,30.7861,44.6,87,90,15.66
31,Punta Arenas,CL,2021-03-30 19:36:40,-53.15,-70.9167,53.6,50,0,18.41
32,Pevek,RU,2021-03-30 19:39:47,69.7008,170.3133,-15.48,99,95,8.1
33,Cidreira,BR,2021-03-30 19:39:47,-30.1811,-50.2056,70.99,73,35,13.91
34,Hithadhoo,MV,2021-03-30 19:39:48,-0.6,73.0833,83.7,74,64,17.69
35,Albany,US,2021-03-30 19:36:55,42.6001,-73.9662,63.0,24,7,4.0
36,Krasnoselkup,RU,2021-03-30 19:39:48,65.7,82.4667,-21.1,97,7,9.33
37,Northam,GB,2021-03-30 19:36:53,51.0333,-4.2167,50.0,1,71,1.01
38,Vila Velha,BR,2021-03-30 19:39:49,-20.3297,-40.2925,87.01,65,20,16.11
39,Mikhaylovka,RU,2021-03-30 19:39:02,50.06,43.2379,30.0,92,5,5.88
40,Castro,BR,2021-03-30 19:39:49,-24.7911,-50.0119,62.82,96,98,5.61
41,Tuktoyaktuk,CA,2021-03-30 19:39:50,69.4541,-133.0374,-13.0,70,20,17.27
42,Hilo,US,2021-03-30 19:39:50,19.7297,-155.09,75.2,73,40,5.75
43,Hay River,CA,2021-03-30 19:39:50,60.8156,-115.7999,17.6,49,89,10.36
44,Kamaishi,JP,2021-03-30 19:37:15,39.2667,141.8833,48.83,91,100,4.81
45,Tongliao,CN,2021-03-30 19:39:51,43.6125,122.2653,48.99,24,100,11.14
46,Azangaro,PE,2021-03-30 19:39:51,-14.9167,-70.2167,62.6,42,75,3.44
47,Paita,PE,2021-03-30 19:39:51,-5.0892,-81.1144,86.0,48,0,10.36
48,Tigzirt,DZ,2021-03-30 19:39:52,36.8886,4.1198,61.74,71,100,8.72
49,Amboasary,MG,2021-03-30 19:39:52,-25.0333,46.3833,69.8,83,40,4.61
50,Roald,NO,2021-03-30 19:39:52,62.5833,6.1333,39.2,93,0,4.61
51,Khatanga,RU,2021-03-30 19:39:53,71.9667,102.5,-32.3,99,66,7.9
52,Ordu,TR,2021-03-30 19:39:53,40.9086,37.6845,46.4,100,75,3.44
53,Dikson,RU,2021-03-30 19:39:53,73.5069,80.5464,-27.38,96,5,3.89
54,Avera,US,2021-03-30 19:39:54,33.194,-82.5271,69.01,77,90,6.91
55,Maumere,ID,2021-03-30 19:39:54,-8.6199,122.2111,79.02,82,87,5.06
56,Sao Joao Da Barra,BR,2021-03-30 19:39:55,-21.6403,-41.0511,86.0,62,0,11.5
57,Hasaki,JP,2021-03-30 19:39:05,35.7333,140.8333,57.2,88,75,8.05
58,Merrill,US,2021-03-30 19:39:55,45.1805,-89.6835,41.0,42,1,21.85
59,Arraial Do Cabo,BR,2021-03-30 19:39:56,-22.9661,-42.0278,82.4,65,75,8.05
60,Naze,JP,2021-03-30 19:39:56,28.3667,129.4833,65.28,89,99,6.78
61,Nanortalik,GL,2021-03-30 19:39:56,60.1432,-45.2371,35.71,97,100,22.28
62,Kondoa,TZ,2021-03-30 19:39:56,-4.9,35.7833,61.16,95,27,3.44
63,Mar Del Plata,AR,2021-03-30 19:39:11,-38.0023,-57.5575,64.4,72,20,9.22
64,Bredasdorp,ZA,2021-03-30 19:39:57,-34.5322,20.0403,59.0,88,0,11.5
65,Millville,US,2021-03-30 19:39:47,39.4021,-75.0393,62.01,39,1,16.11
66,Upernavik,GL,2021-03-30 19:39:58,72.7868,-56.1549,20.97,69,100,7.07
67,Sola,VU,2021-03-30 19:39:58,-13.8833,167.55,81.9,74,100,11.48
68,Pocone,BR,2021-03-30 19:39:58,-16.2567,-56.6228,97.81,25,11,1.1
69,Floro,NO,2021-03-30 19:39:59,61.5996,5.0328,41.0,93,75,5.75
70,Mantua,IT,2021-03-30 19:38:00,45.1667,10.7833,62.01,71,4,3.38
71,North Bend,US,2021-03-30 19:35:37,43.4065,-124.2243,55.99,50,1,6.91
72,Presidencia Roque Saenz Pena,AR,2021-03-30 19:40:00,-26.7852,-60.4388,82.0,46,0,3.0
73,Mabaruma,GY,2021-03-30 19:40:00,8.2,-59.7833,81.23,71,100,8.05
74,Saint George,US,2021-03-30 19:39:43,37.1041,-113.5841,57.99,13,1,5.75
75,Swan River,CA,2021-03-30 19:40:00,52.1058,-101.2676,15.8,57,100,13.8
76,Klishkivtsi,UA,2021-03-30 19:40:01,48.4316,26.2623,46.0,59,100,3.24
77,Rikitea,PF,2021-03-30 19:36:21,-23.1203,-134.9692,78.69,68,11,15.37
78,Sao Gabriel Da Cachoeira,BR,2021-03-30 19:40:01,-0.1303,-67.0892,75.2,94,90,8.05
79,Talnakh,RU,2021-03-30 19:40:02,69.4865,88.3972,-24.18,93,15,1.34
80,Zeya,RU,2021-03-30 19:40:03,53.75,127.2667,18.63,87,30,4.47
81,Fortuna,US,2021-03-30 19:40:03,40.5982,-124.1573,55.99,62,1,10.36
82,Cherskiy,RU,2021-03-30 19:40:03,68.75,161.3,-13.7,99,46,3.89
83,Ewa Beach,US,2021-03-30 19:40:04,21.3156,-158.0072,78.8,65,20,8.05
84,Yellowknife,CA,2021-03-30 19:40:04,62.456,-114.3525,5.0,66,75,16.11
85,New Norfolk,AU,2021-03-30 19:40:04,-42.7826,147.0587,55.0,73,98,3.18
86,Ust-Nera,RU,2021-03-30 19:40:05,64.5667,143.2,5.92,97,100,4.34
87,Nadym,RU,2021-03-30 19:40:05,65.5333,72.5167,-16.51,88,92,9.31
88,Pisco,PE,2021-03-30 19:40:06,-13.7,-76.2167,73.4,64,40,6.91
89,Bandarbeyla,SO,2021-03-30 19:40:06,9.4942,50.8122,78.17,68,97,9.22
90,Port Alfred,ZA,2021-03-30 19:40:06,-33.5906,26.891,66.49,88,13,18.28
91,Busselton,AU,2021-03-30 19:40:06,-33.65,115.3333,57.99,94,15,3.8
92,Bengkulu,ID,2021-03-30 19:40:07,-3.8004,102.2655,74.75,88,100,4.0
93,Dehloran,IR,2021-03-30 19:40:07,32.6941,47.2679,70.45,18,11,2.84
94,Vardo,NO,2021-03-30 19:40:07,70.3705,31.1107,33.8,93,75,18.41
95,Kapaa,US,2021-03-30 19:40:08,22.0752,-159.319,75.2,83,40,12.66
96,Katsuura,JP,2021-03-30 19:40:08,35.1333,140.3,62.01,81,74,12.97
97,Puro,PH,2021-03-30 19:40:08,12.4841,123.3827,78.53,86,100,7.29
98,Zyryanka,RU,2021-03-30 19:40:09,65.75,150.85,5.52,96,100,7.29
99,Galle,LK,2021-03-30 19:40:09,6.0367,80.217,80.74,80,92,8.59
100,Chokurdakh,RU,2021-03-30 19:40:09,70.6333,147.9167,-15.79,100,85,2.35
101,Palmer,US,2021-03-30 19:39:02,42.1584,-72.3287,59.0,26,20,14.97
102,Bambous Virieux,MU,2021-03-30 19:40:10,-20.3428,57.7575,78.01,94,40,6.91
103,Gilbues,BR,2021-03-30 19:40:10,-9.8317,-45.3439,85.87,55,83,3.6
104,Wana,PK,2021-03-30 19:40:11,32.2989,69.5725,58.35,19,0,12.46
105,Reconquista,AR,2021-03-30 19:40:11,-29.15,-59.65,74.71,59,78,9.22
106,Yerbogachen,RU,2021-03-30 19:40:11,61.2767,108.0108,14.02,95,100,6.73
107,Kaitangata,NZ,2021-03-30 19:40:12,-46.2817,169.8464,54.73,96,95,3.96
108,Port Lincoln,AU,2021-03-30 19:40:12,-34.7333,135.8667,65.16,78,5,7.96
109,Asau,RO,2021-03-30 19:40:13,46.4333,26.4,37.99,45,34,2.17
110,Bluff,NZ,2021-03-30 19:40:09,-46.6,168.3333,55.0,98,49,1.01
111,Lebu,CL,2021-03-30 19:40:13,-37.6167,-73.65,60.87,80,19,11.99
112,Mawlaik,MM,2021-03-30 19:40:13,23.6333,94.4167,70.72,57,53,1.25
113,Antofagasta,CL,2021-03-30 19:40:14,-23.65,-70.4,66.2,63,20,19.57
114,Grand Gaube,MU,2021-03-30 19:40:14,-20.0064,57.6608,78.01,75,100,3.0
115,Banjar,ID,2021-03-30 19:40:14,-8.19,114.9675,80.6,89,40,6.91
116,Sekudai,MY,2021-03-30 19:40:15,1.5333,103.6667,78.8,89,40,8.05
117,Hostinne,CZ,2021-03-30 19:40:15,50.5407,15.7233,46.0,66,4,2.95
118,Kendari,ID,2021-03-30 19:40:15,-3.945,122.4989,74.71,94,100,4.18
119,Strib,DK,2021-03-30 19:40:16,55.5402,9.7675,46.99,93,0,8.05
120,Berlevag,NO,2021-03-30 19:40:16,70.8578,29.0864,35.6,87,75,24.16
121,Zhigansk,RU,2021-03-30 19:40:16,66.7697,123.3711,20.8,94,100,13.71
122,Catamarca,AR,2021-03-30 19:40:17,-28.4696,-65.7852,80.01,61,13,8.01
123,Pesca,CO,2021-03-30 19:40:17,5.55,-73.05,58.93,79,100,5.37
124,Saldanha,ZA,2021-03-30 19:40:18,-33.0117,17.9442,62.6,88,5,6.91
125,Qandala,SO,2021-03-30 19:40:18,11.472,49.8728,84.13,41,100,5.03
126,Sainte-Adele,CA,2021-03-30 19:40:18,45.9501,-74.1325,57.2,30,75,6.91
127,Maputo,MZ,2021-03-30 19:40:19,-25.9653,32.5892,73.99,78,20,6.91
128,Yuci,CN,2021-03-30 19:40:19,37.6803,112.7319,53.6,50,0,8.95
129,Krk,HR,2021-03-30 19:40:19,45.0258,14.5731,60.8,51,0,3.44
130,Chuy,UY,2021-03-30 19:40:20,-33.6971,-53.4616,68.83,59,68,11.5
131,Namibe,AO,2021-03-30 19:40:20,-15.1961,12.1522,74.82,85,100,8.3
132,Tiarei,PF,2021-03-30 19:40:20,-17.5333,-149.3333,86.0,62,20,5.75
133,Souillac,MU,2021-03-30 19:40:20,-20.5167,57.5167,73.4,94,40,6.91
134,Tual,ID,2021-03-30 19:40:21,-5.6667,132.75,83.14,73,100,7.2
135,Klaksvik,FO,2021-03-30 19:40:21,62.2266,-6.589,35.6,80,75,13.8
136,Broken Hill,AU,2021-03-30 19:40:21,-31.95,141.4333,57.2,54,1,4.61
137,Komatipoort,ZA,2021-03-30 19:40:22,-25.4332,31.9548,69.01,94,0,2.3
138,Quelimane,MZ,2021-03-30 19:40:22,-17.8786,36.8883,73.4,94,75,6.35
139,San Juan Bautista,PE,2021-03-30 19:40:22,-14.0108,-75.7358,73.4,64,40,6.91
140,Ketchikan,US,2021-03-30 19:40:23,55.3422,-131.6461,42.8,87,90,4.61
141,Lufilufi,WS,2021-03-30 19:40:23,-13.8745,-171.5986,77.0,100,75,8.05
142,Dapaong,TG,2021-03-30 19:40:23,10.8639,0.205,90.37,13,3,7.25
143,Qaanaaq,GL,2021-03-30 19:40:24,77.484,-69.3632,-0.2,73,100,5.12
144,Avarua,CK,2021-03-30 19:40:24,-21.2078,-159.775,82.4,78,13,10.36
145,Puerto Penasco,MX,2021-03-30 19:40:24,31.3167,-113.5333,70.0,61,0,4.0
146,Esperance,AU,2021-03-30 19:40:25,-33.8667,121.9,64.4,88,3,6.91
147,Yulara,AU,2021-03-30 19:40:25,-25.2406,130.9889,64.4,42,0,6.91
148,Maceio,BR,2021-03-30 19:39:47,-9.6658,-35.7353,84.2,79,75,12.66
149,Dhidhdhoo,MV,2021-03-30 19:37:30,6.8833,73.1,83.68,69,94,3.58
150,Saint Anthony,US,2021-03-30 19:40:26,45.0205,-93.218,39.99,38,40,23.02
151,Norman Wells,CA,2021-03-30 19:40:26,65.282,-126.8329,8.6,85,90,6.91
152,Bonfim,BR,2021-03-30 19:40:26,3.0833,-59.95,91.02,42,86,10.65
153,Aviles,ES,2021-03-30 19:40:26,43.5547,-5.9248,62.6,55,0,5.75
154,Lagoa,PT,2021-03-30 19:40:27,39.05,-27.9833,58.41,75,97,4.76
155,Taoudenni,ML,2021-03-30 19:40:27,22.6783,-3.9836,87.26,6,31,11.21
156,Provideniya,RU,2021-03-30 19:40:28,64.3833,-173.3,8.6,66,0,15.66
157,Moriyama,JP,2021-03-30 19:40:28,35.0667,135.9833,51.01,81,0,3.33
158,Narsaq,GL,2021-03-30 19:40:28,60.9167,-46.05,44.6,39,75,11.5
159,Bouar,CF,2021-03-30 19:40:29,5.934,15.596,72.41,23,37,4.23
160,San Policarpo,PH,2021-03-30 19:40:29,12.1791,125.5072,76.39,82,86,4.63
161,Henties Bay,NA,2021-03-30 19:40:29,-22.116,14.2845,62.01,89,8,3.0
162,Viedma,AR,2021-03-30 19:40:30,-40.8135,-62.9967,81.03,21,0,14.5
163,Vila Do Maio,CV,2021-03-30 19:40:30,15.1333,-23.2167,71.6,64,0,19.57
164,Porto Santo,PT,2021-03-30 19:40:30,33.072,-16.3415,64.4,77,20,2.3
165,Kaeo,NZ,2021-03-30 19:40:31,-35.1,173.7833,68.0,96,31,3.0
166,Carnarvon,AU,2021-03-30 19:40:31,-24.8667,113.6333,78.8,78,17,12.66
167,Baikunthpur,IN,2021-03-30 19:40:31,23.25,82.55,75.47,12,4,6.6
168,Semirom,IR,2021-03-30 19:40:32,31.4167,51.5667,49.39,33,0,3.2
169,Codrington,AU,2021-03-30 19:40:32,-38.2667,141.9667,53.67,91,100,5.37
170,Paralimni,CY,2021-03-30 19:40:32,35.0375,33.9833,60.01,58,20,6.91
171,Airai,TL,2021-03-30 19:40:33,-8.9266,125.4092,59.56,98,100,2.39
172,Killybegs,IE,2021-03-30 19:40:33,54.6333,-8.45,55.4,71,90,4.61
173,La Seyne-Sur-Mer,FR,2021-03-30 19:40:33,43.0982,5.8847,59.0,87,0,3.0
174,Ribeira Grande,PT,2021-03-30 19:40:34,38.5167,-28.7,59.0,82,75,20.71
175,Margate,GB,2021-03-30 19:37:17,51.3813,1.3862,55.0,52,0,3.71
176,Tomatlan,MX,2021-03-30 19:40:34,19.9333,-105.25,93.25,21,1,11.14
177,Asfi,MA,2021-03-30 19:40:34,32.2994,-9.2372,63.0,75,0,5.39
178,Faya,SA,2021-03-30 19:40:35,18.3851,42.4509,68.0,39,0,8.05
179,Jalu,LY,2021-03-30 19:40:35,29.0331,21.5482,60.64,52,4,13.89
180,Bongandanga,CD,2021-03-30 19:40:35,1.5,21.05,71.28,95,19,2.95
181,Coatzacoalcos,MX,2021-03-30 19:38:25,18.15,-94.4167,84.2,65,20,11.5
182,Broome,US,2021-03-30 19:40:36,42.2506,-75.833,64.0,29,1,18.41
183,Clyde River,CA,2021-03-30 19:40:36,70.4692,-68.5914,-2.2,84,90,34.52
184,Amapa,BR,2021-03-30 19:40:36,1.0,-52.0,77.7,95,60,4.56
185,Westport,US,2021-03-30 19:38:37,41.1415,-73.3579,59.0,44,1,13.8
186,Waitati,NZ,2021-03-30 19:40:37,-45.75,170.5667,55.0,89,62,8.01
187,Beringovskiy,RU,2021-03-30 19:40:37,63.05,179.3167,-1.73,82,14,4.72
188,Geraldton,AU,2021-03-30 19:40:37,-28.7667,114.6,69.8,94,40,6.91
189,Ponta Do Sol,PT,2021-03-30 19:40:38,32.6667,-17.1,60.01,72,11,3.0
190,Coquimbo,CL,2021-03-30 19:37:33,-29.9533,-71.3436,64.4,68,0,10.36
191,Ilulissat,GL,2021-03-30 19:40:38,69.2167,-51.1,33.8,60,75,17.27
192,Lompoc,US,2021-03-30 19:40:38,34.6391,-120.4579,71.6,37,0,5.75
193,Novokizhinginsk,RU,2021-03-30 19:40:39,51.6115,109.5917,32.18,93,100,6.02
194,Georgetown,MY,2021-03-30 19:38:44,5.4112,100.3354,82.4,89,20,2.39
195,Bakhchysaray,UA,2021-03-30 19:40:39,44.75,33.8667,41.0,63,11,6.76
196,Saint-Philippe,RE,2021-03-30 19:40:39,-21.3585,55.7679,78.8,73,0,6.91
197,Saint-Joseph,RE,2021-03-30 19:40:40,-21.3667,55.6167,78.8,73,0,6.91
198,Pokhara,NP,2021-03-30 19:40:40,28.2333,83.9833,68.02,25,0,7.99
199,Kudahuvadhoo,MV,2021-03-30 19:40:40,2.6708,72.8944,83.26,76,100,18.43
200,Khani,GE,2021-03-30 19:40:41,41.9563,42.9566,41.0,93,0,3.44
201,Husavik,IS,2021-03-30 19:40:41,66.0449,-17.3389,33.8,64,75,13.8
202,Bumbuna,SL,2021-03-30 19:40:41,9.05,-11.7333,76.17,86,100,3.56
203,Bambanglipuro,ID,2021-03-30 19:40:42,-7.95,110.2833,76.59,91,100,3.09
204,Guerrero Negro,MX,2021-03-30 19:40:42,27.9769,-114.0611,73.31,38,1,11.86
205,Nang Rong,TH,2021-03-30 19:40:42,14.6377,102.7914,84.99,85,100,5.91
206,Saskylakh,RU,2021-03-30 19:40:42,71.9167,114.0833,-30.53,100,100,6.64
207,Maniitsoq,GL,2021-03-30 19:40:43,65.4167,-52.9,32.88,97,100,43.2
208,Cukai,MY,2021-03-30 19:40:43,4.25,103.4167,75.2,100,92,11.5
209,Vila Franca Do Campo,PT,2021-03-30 19:40:43,37.7167,-25.4333,60.8,77,40,9.22
210,Obzor,BG,2021-03-30 19:40:44,42.8167,27.8833,42.8,81,0,12.66
211,Mgandu,TZ,2021-03-30 19:40:44,-5.95,34.1333,61.03,95,83,3.4
212,Nome,US,2021-03-30 19:40:44,64.5011,-165.4064,19.4,79,90,7.38
213,Torbay,CA,2021-03-30 19:40:45,47.6666,-52.7314,30.99,55,40,24.16
214,Benghazi,LY,2021-03-30 19:40:45,32.1167,20.0667,59.25,70,24,13.02
215,Tezpur,IN,2021-03-30 19:40:45,26.6333,92.8,65.95,63,79,6.02
216,Kodiak,US,2021-03-30 19:40:45,57.79,-152.4072,39.2,87,90,3.38
217,Inta,RU,2021-03-30 19:40:46,66.0317,60.1659,25.59,88,100,8.19
218,Poum,NC,2021-03-30 19:40:46,-20.2333,164.0167,78.66,75,91,16.37
219,Kaspiysk,RU,2021-03-30 19:40:29,42.8816,47.6392,44.6,93,90,8.95
220,Aklavik,CA,2021-03-30 19:40:46,68.2191,-135.0107,-0.4,71,90,5.75
221,Kudligi,IN,2021-03-30 19:40:47,14.9,76.3833,78.15,67,88,6.98
222,San Julian,MX,2021-03-30 19:40:47,21.0167,-102.1667,86.0,22,7,6.71
223,Leningradskiy,RU,2021-03-30 19:40:47,69.3833,178.4167,-4.45,89,100,10.51
224,Kualakapuas,ID,2021-03-30 19:40:48,-3.0091,114.3876,74.43,97,93,2.48
225,Kahului,US,2021-03-30 19:40:48,20.8947,-156.47,78.8,65,20,13.8
226,Port Elizabeth,ZA,2021-03-30 19:40:48,-33.918,25.5701,60.8,94,0,14.97
227,Aksarka,RU,2021-03-30 19:40:49,66.5606,67.7975,6.01,93,100,11.56
228,Pangnirtung,CA,2021-03-30 19:40:49,66.1451,-65.7125,1.4,71,75,21.85
229,Hofn,IS,2021-03-30 19:40:49,64.2539,-15.2082,34.63,56,0,6.33
230,Do Gonbadan,IR,2021-03-30 19:40:49,30.3586,50.7981,60.8,36,0,2.42
231,Paamiut,GL,2021-03-30 19:40:50,61.994,-49.6678,35.31,94,100,43.15
232,Kartuzy,PL,2021-03-30 19:40:50,54.3342,18.1974,55.4,76,0,12.66
233,Forchheim,DE,2021-03-30 19:40:51,49.7175,11.0588,57.99,45,41,1.99
234,Verkhnyaya Toyma,RU,2021-03-30 19:40:51,62.2349,44.9985,35.19,97,100,10.0
235,Half Moon Bay,US,2021-03-30 19:35:59,37.4636,-122.4286,70.0,17,1,17.27
236,Sinop,TR,2021-03-30 19:40:51,41.7711,34.8709,36.79,96,99,2.66
237,Shinichi,JP,2021-03-30 19:40:52,34.55,133.2667,43.0,92,0,4.21
238,Mahebourg,MU,2021-03-30 19:40:52,-20.4081,57.7,73.4,94,40,6.91
239,Ust-Tsilma,RU,2021-03-30 19:40:53,65.441,52.1498,34.0,97,100,10.29
240,Teya,RU,2021-03-30 19:40:53,60.3778,92.6267,13.6,95,100,4.34
241,Novouzensk,RU,2021-03-30 19:40:53,50.4592,48.1431,29.12,90,11,5.66
242,Sept-Iles,CA,2021-03-30 19:38:02,50.2001,-66.3821,26.01,58,90,9.22
243,Timizart,DZ,2021-03-30 19:40:54,36.8,4.2667,60.4,63,100,5.39
244,Benguela,AO,2021-03-30 19:40:54,-12.5763,13.4055,79.54,75,14,0.78
245,Wainwright,CA,2021-03-30 19:40:54,52.839,-110.8572,24.8,58,69,10.36
246,Kangaatsiaq,GL,2021-03-30 19:40:55,68.3065,-53.4641,34.66,79,100,12.08
247,Xining,CN,2021-03-30 19:40:14,36.6167,101.7667,38.79,55,100,1.48
248,Hambantota,LK,2021-03-30 19:40:55,6.1241,81.1185,80.6,100,75,9.62
249,Longyearbyen,SJ,2021-03-30 19:40:55,78.2186,15.6401,26.6,74,75,10.36
250,Cap-Aux-Meules,CA,2021-03-30 19:40:56,47.3821,-61.8597,30.2,59,10,16.11
251,Portland,US,2021-03-30 19:40:23,45.5234,-122.6762,51.01,57,75,4.61
252,Finschhafen,PG,2021-03-30 19:40:56,-6.6024,147.8681,79.05,76,100,4.09
253,Usolye-Sibirskoye,RU,2021-03-30 19:40:57,52.7519,103.6453,24.69,98,100,2.71
254,Sao Miguel Do Araguaia,BR,2021-03-30 19:40:57,-13.275,-50.1628,88.84,55,0,1.66
255,Neiafu,TO,2021-03-30 19:40:57,-18.65,-173.9833,80.6,83,40,10.36
256,Las Palmas,ES,2021-03-30 19:40:58,28.4204,-14.0131,68.0,73,20,3.69
257,San Cosme Y Damian,PY,2021-03-30 19:40:58,-27.3167,-56.35,78.8,53,75,5.75
258,Ancud,CL,2021-03-30 19:40:59,-41.8697,-73.8203,70.0,68,75,6.91
259,Sibolga,ID,2021-03-30 19:40:59,1.7427,98.7792,76.17,83,92,2.46
260,Prieska,ZA,2021-03-30 19:40:59,-29.6641,22.7474,76.57,38,18,8.57
261,Sao Filipe,CV,2021-03-30 19:41:00,14.8961,-24.4956,70.61,75,1,8.05
262,Bayan,CN,2021-03-30 19:41:00,46.0833,127.4,36.05,64,17,1.16
263,Tura,IN,2021-03-30 19:41:00,25.5198,90.2201,68.74,88,9,7.78
264,Saint-Pierre,RE,2021-03-30 19:41:01,-21.3393,55.4781,78.8,73,0,6.91
265,Krasnopillya,UA,2021-03-30 19:41:01,50.7746,35.2597,36.09,70,76,8.61
266,Okha,RU,2021-03-30 19:41:01,53.5739,142.9478,23.86,91,100,20.24
267,Araouane,ML,2021-03-30 19:41:02,18.9048,-3.5265,82.74,6,37,8.5
268,Isangel,VU,2021-03-30 19:41:02,-19.55,169.2667,79.29,85,89,9.1
269,Emerald,AU,2021-03-30 19:41:02,-23.5333,148.1667,68.0,73,40,5.75
270,Bogale,MM,2021-03-30 19:41:02,16.2833,95.4,77.4,86,80,7.27
271,Mangai,CD,2021-03-30 19:41:03,-4.05,19.5333,69.51,97,47,1.16
272,Abu Dhabi,AE,2021-03-30 19:41:03,24.4667,54.3667,75.2,73,0,3.44
273,Hobyo,SO,2021-03-30 19:41:04,5.3505,48.5268,79.86,71,8,10.25
274,Tuatapere,NZ,2021-03-30 19:41:04,-46.1333,167.6833,55.0,98,67,1.01
275,Longonjo,AO,2021-03-30 19:41:04,-12.9067,15.2533,61.68,95,100,2.77
276,Gigmoto,PH,2021-03-30 19:41:04,13.7796,124.39,78.75,86,92,6.69
277,San Patricio,US,2021-03-30 19:41:05,28.017,-97.5169,84.0,69,75,26.46
278,Mamit,IN,2021-03-30 19:41:05,23.9333,92.4833,60.26,89,57,2.98
279,Gannan,CN,2021-03-30 19:41:05,47.9147,123.5031,39.99,46,100,4.94
280,Lixourion,GR,2021-03-30 19:41:06,38.2019,20.4314,55.36,75,7,3.38
281,Vila,PT,2021-03-30 19:41:06,42.0304,-8.1588,66.2,63,0,4.61
282,Zabol,AF,2021-03-30 19:41:06,32.25,67.25,48.27,22,0,19.95
283,Touros,BR,2021-03-30 19:41:07,-5.1989,-35.4608,84.2,65,20,11.5
284,Lockhart,US,2021-03-30 19:41:07,28.6194,-81.4426,88.0,48,75,4.61
285,Port Blair,IN,2021-03-30 19:41:07,11.6667,92.75,79.45,80,100,2.91
286,Ha Giang,VN,2021-03-30 19:40:18,22.8333,104.9833,71.71,79,5,1.7
287,Ulladulla,AU,2021-03-30 19:41:08,-35.35,150.4667,55.0,94,50,4.61
288,Mattru,SL,2021-03-30 19:41:08,7.6244,-11.8332,79.2,81,74,5.12
289,Merritt Island,US,2021-03-30 19:41:08,28.5392,-80.672,84.2,58,20,16.11
290,Groa,NO,2021-03-30 19:41:09,62.65,8.7167,39.2,75,75,2.3
291,Nouadhibou,MR,2021-03-30 19:41:09,20.931,-17.0347,66.2,82,0,12.66
292,Lasa,IT,2021-03-30 19:41:09,46.6166,10.7002,64.4,61,0,0.47
293,Kawalu,ID,2021-03-30 19:41:09,-7.3817,108.2082,73.35,95,100,0.85
294,Namatanai,PG,2021-03-30 19:41:01,-3.6667,152.4333,79.02,83,100,3.29
295,Luena,AO,2021-03-30 19:41:10,-11.7833,19.9167,60.22,96,100,3.78
296,Ondjiva,AO,2021-03-30 19:41:10,-17.0667,15.7333,65.5,91,100,4.47
297,Dudinka,RU,2021-03-30 19:41:11,69.4058,86.1778,-15.65,87,7,15.61
298,Pergine Valsugana,IT,2021-03-30 19:41:11,46.065,11.238,61.0,65,26,3.44
299,Havre-Saint-Pierre,CA,2021-03-30 19:41:11,50.2334,-63.5986,24.8,63,1,13.8
300,Puerto Baquerizo Moreno,EC,2021-03-30 19:41:12,-0.9,-89.6,78.8,94,75,6.91
301,Megion,RU,2021-03-30 19:41:12,61.0296,76.1136,5.0,92,0,4.47
302,Bourail,NC,2021-03-30 19:41:12,-21.5667,165.4833,75.47,80,100,8.72
303,Manokwari,ID,2021-03-30 19:41:12,-0.8667,134.0833,77.7,80,100,2.57
304,Taquarana,BR,2021-03-30 19:41:13,-9.645,-36.4972,80.1,76,42,10.47
305,Lieksa,FI,2021-03-30 19:41:13,63.3167,30.0167,34.21,82,24,13.82
306,Caravelas,BR,2021-03-30 19:41:13,-17.7125,-39.2481,80.58,68,0,10.76
307,Wilmington,US,2021-03-30 19:36:51,34.2257,-77.9447,72.0,49,1,10.54
308,Aleksandriya,RU,2021-03-30 19:41:14,45.0947,43.2456,39.79,81,100,13.69
309,Mount Gambier,AU,2021-03-30 19:41:14,-37.8333,140.7667,46.4,93,90,3.42
310,Tamandare,BR,2021-03-30 19:41:15,-8.7597,-35.1047,81.05,78,74,9.1
311,Sovetskiy,RU,2021-03-30 19:41:15,61.3614,63.5842,25.32,94,100,5.28
312,Iqaluit,CA,2021-03-30 19:41:15,63.7506,-68.5145,-4.0,65,20,27.63
313,Altay,CN,2021-03-30 19:41:16,47.8667,88.1167,20.37,55,23,7.61
314,Tori Fatehpur,IN,2021-03-30 19:41:16,25.45,79.1333,84.13,6,3,12.44
315,Lesnoye,RU,2021-03-30 19:41:16,58.2841,35.5158,39.7,96,100,11.54
316,Ajdovscina,SI,2021-03-30 19:41:16,45.886,13.9095,54.0,61,11,2.37
317,East London,ZA,2021-03-30 19:41:17,-33.0153,27.9116,70.75,83,6,10.47
318,Raudeberg,NO,2021-03-30 19:41:17,61.9875,5.1352,39.99,94,100,14.92
319,Kruisfontein,ZA,2021-03-30 19:41:17,-34.0033,24.7314,69.01,61,79,1.01
320,Hirara,JP,2021-03-30 19:41:18,24.8,125.2833,74.43,90,86,4.12
321,Wajir,KE,2021-03-30 19:41:18,1.7471,40.0573,89.31,32,39,15.73
322,Marfino,RU,2021-03-30 19:41:18,55.7028,37.3822,35.6,87,90,13.42
323,Chingola,ZM,2021-03-30 19:41:19,-12.529,27.8838,61.52,95,98,3.36
324,Bilibino,RU,2021-03-30 19:41:19,68.0546,166.4372,-16.2,99,69,3.78
325,Treuchtlingen,DE,2021-03-30 19:41:19,48.95,10.9167,54.0,50,20,1.14
326,Skjervoy,NO,2021-03-30 19:41:20,70.0311,20.9714,39.2,75,40,10.36
327,Tuskegee,US,2021-03-30 19:41:20,32.424,-85.6916,75.99,100,98,5.01
328,Los Llanos De Aridane,ES,2021-03-30 19:41:20,28.6585,-17.9182,66.2,72,20,6.91
329,Ambon,ID,2021-03-30 19:41:21,-3.6954,128.1814,81.07,82,100,6.8
330,Svetlogorsk,BY,2021-03-30 19:41:03,52.6333,29.7333,44.85,85,100,9.62
331,Balabac,PH,2021-03-30 19:41:21,7.9868,117.0645,79.61,79,15,2.42
332,Ngunguru,NZ,2021-03-30 19:41:21,-35.6167,174.5,68.0,96,22,3.0
333,Tulun,RU,2021-03-30 19:41:22,54.5611,100.5792,14.04,88,15,3.42
334,Carutapera,BR,2021-03-30 19:41:22,-1.195,-46.02,77.65,92,100,6.69
335,Cabo San Lucas,MX,2021-03-30 19:41:22,22.8909,-109.9124,80.01,44,1,5.75
336,Meulaboh,ID,2021-03-30 19:41:23,4.1363,96.1285,75.04,88,100,4.83
337,Dvinskoy,RU,2021-03-30 19:41:23,62.1535,45.1175,34.9,97,100,10.11
338,Vallenar,CL,2021-03-30 19:41:23,-28.5708,-70.7581,82.18,26,0,9.22
339,Samfya,ZM,2021-03-30 19:41:24,-11.3649,29.5565,64.06,93,75,8.25
340,Karratha,AU,2021-03-30 19:38:25,-20.7377,116.8463,84.97,53,24,5.68
341,Peniche,PT,2021-03-30 19:41:24,39.3558,-9.3811,69.01,47,82,7.0
342,Mangrol,IN,2021-03-30 19:41:24,21.1167,70.1167,77.59,83,7,9.8
343,Port Hedland,AU,2021-03-30 19:41:25,-20.3167,118.5667,80.6,57,0,9.22
344,Bucerias,MX,2021-03-30 19:41:25,20.75,-105.3333,82.4,42,1,10.36
345,Chardara,KZ,2021-03-30 19:41:25,41.2547,67.9692,48.13,54,6,6.67
346,Bethanien,NA,2021-03-30 19:41:26,-26.502,17.1583,73.6,41,59,3.18
347,Ostrovnoy,RU,2021-03-30 19:41:26,68.0531,39.5131,32.81,97,100,9.78
348,Victoria,HK,2021-03-30 19:39:17,22.2855,114.1577,78.01,86,11,1.01
349,Jacareacanga,BR,2021-03-30 19:41:27,-6.2222,-57.7528,91.4,58,20,4.61
350,Guinticgan,PH,2021-03-30 19:41:27,11.5641,123.1236,79.81,80,92,12.06
351,Malinovoye Ozero,RU,2021-03-30 19:41:27,51.6753,79.7825,17.85,95,25,4.27
352,Along,IN,2021-03-30 19:41:28,28.1667,94.7667,60.76,76,71,1.95
353,Naryan-Mar,RU,2021-03-30 19:41:28,67.6713,53.087,32.94,97,100,21.45
354,Havelock,US,2021-03-30 19:41:28,34.8791,-76.9013,71.01,49,75,6.91
355,Jumla,NP,2021-03-30 19:41:29,29.2747,82.1838,44.73,60,8,5.53
356,San Andres,CO,2021-03-30 19:41:29,12.5847,-81.7006,86.0,70,20,16.11
357,Sitka,US,2021-03-30 19:41:29,57.0531,-135.33,41.0,87,90,17.27
358,Baghdad,IQ,2021-03-30 19:41:30,33.3406,44.4009,60.8,31,0,6.2
359,Riohacha,CO,2021-03-30 19:41:24,11.5444,-72.9072,89.56,51,51,20.87
360,Trelew,AR,2021-03-30 19:39:11,-43.249,-65.3051,87.8,8,100,15.73
361,Hue,VN,2021-03-30 19:41:30,16.4667,107.6,80.6,89,20,1.14
362,Ibi,ES,2021-03-30 19:41:31,38.6253,-0.5723,62.01,31,70,3.0
363,Rocha,UY,2021-03-30 19:41:31,-34.4833,-54.3333,66.92,63,73,8.34
364,Ransang,PH,2021-03-30 19:41:31,8.9603,117.5828,78.17,87,45,1.83
365,Hami,CN,2021-03-30 19:41:32,42.8,93.45,46.83,46,100,10.67
366,Kavaratti,IN,2021-03-30 19:41:32,10.5669,72.642,84.13,72,66,5.64
367,Hualmay,PE,2021-03-30 19:41:32,-11.0964,-77.6139,73.78,74,97,9.93
368,Sar-E Pul,AF,2021-03-30 19:41:33,35.8333,66.1667,35.67,80,6,0.4
369,Hamilton,US,2021-03-30 19:41:33,39.1834,-84.5333,73.4,25,1,20.71
370,Guarapari,BR,2021-03-30 19:41:33,-20.6667,-40.4975,87.01,65,20,16.11
371,Palauig,PH,2021-03-30 19:41:34,15.435,119.9045,79.45,73,100,4.34
372,Eyl,SO,2021-03-30 19:41:34,7.9803,49.8164,77.45,64,60,12.41
373,Sakakah,SA,2021-03-30 19:41:35,29.9697,40.2064,69.8,14,20,11.5
374,Okahandja,NA,2021-03-30 19:41:35,-21.9833,16.9167,64.0,59,96,4.61
375,Nioro,GM,2021-03-30 19:41:35,13.35,-15.75,79.21,45,100,13.42
376,Taltal,CL,2021-03-30 19:41:36,-25.4,-70.4833,68.81,69,17,8.72
377,Khetri,IN,2021-03-30 19:41:36,27.9833,75.8,73.94,11,0,8.03
378,Puerto Gaitan,CO,2021-03-30 19:41:36,4.3133,-72.0816,86.77,54,100,9.62
379,Bhainsa,IN,2021-03-30 19:41:36,26.9548,76.9012,78.17,10,2,7.87
380,Gamba,GA,2021-03-30 19:41:37,-2.65,10.0,78.78,86,100,6.26
381,La Ronge,CA,2021-03-30 19:41:37,55.1001,-105.2842,14.0,48,91,8.05
382,Coihaique,CL,2021-03-30 19:41:37,-45.5752,-72.0662,73.4,46,20,4.61
383,Constitucion,CL,2021-03-30 19:39:13,-35.3333,-72.4167,63.45,71,10,8.86
384,Bosaso,SO,2021-03-30 19:41:38,11.2842,49.1816,79.39,57,100,2.64
385,Mazagao,BR,2021-03-30 19:41:38,-0.115,-51.2894,84.2,94,75,6.91
386,Arrecife,ES,2021-03-30 19:41:38,28.963,-13.5477,68.0,73,20,1.14
387,Mesaria,GR,2021-03-30 19:41:39,36.3985,25.4459,55.99,42,7,23.0
388,Catuday,PH,2021-03-30 19:41:39,16.2923,119.8062,79.38,79,80,7.16
389,Dondo,MZ,2021-03-30 19:41:39,-19.6094,34.7431,80.6,61,75,12.66
390,Susanville,US,2021-03-30 19:41:40,40.4163,-120.653,48.2,21,1,11.5
391,Ukiah,US,2021-03-30 19:41:40,39.1502,-123.2078,72.0,30,1,3.44
392,Iquique,CL,2021-03-30 19:40:56,-20.2208,-70.1431,73.4,53,0,17.27
393,Akcakoca,TR,2021-03-30 19:41:40,41.0866,31.1162,43.09,88,73,7.56
394,Yulin,CN,2021-03-30 19:41:41,22.6333,110.15,76.23,82,91,5.53
395,Haines Junction,CA,2021-03-30 19:41:41,60.7522,-137.5108,37.4,48,100,1.14
396,Cognac,FR,2021-03-30 19:41:41,45.5,-0.25,66.2,42,0,2.3
397,Ledyard,US,2021-03-30 19:41:42,41.4398,-72.0142,54.0,50,1,11.5
398,Jizan,SA,2021-03-30 19:41:42,17.3333,42.6667,86.0,66,0,3.44
399,Ambulu,ID,2021-03-30 19:41:42,-8.345,113.6058,75.02,91,84,2.08
400,Egvekinot,RU,2021-03-30 19:41:43,66.3167,-179.1667,-4.4,90,80,2.93
401,Manavgat,TR,2021-03-30 19:41:43,36.7867,31.4431,53.01,58,75,12.66
402,Solwezi,ZM,2021-03-30 19:41:43,-12.1688,26.3894,60.66,98,79,4.68
403,Waipawa,NZ,2021-03-30 19:41:44,-41.4122,175.5153,62.6,94,75,5.75
404,Aguimes,ES,2021-03-30 19:41:44,27.9054,-15.4461,68.0,82,75,9.22
405,Port Hardy,CA,2021-03-30 19:41:44,50.6996,-127.4199,50.0,57,40,8.05
406,Gataivai,WS,2021-03-30 19:41:45,-13.7736,-172.388,77.0,100,75,8.05
407,Tobermory,CA,2021-03-30 19:41:45,45.2501,-81.6665,46.4,66,100,11.5
408,Yingcheng,CN,2021-03-30 19:41:45,30.95,113.55,60.8,100,90,4.47
409,Agadez,NE,2021-03-30 19:41:46,19.75,10.25,70.99,11,0,8.77
410,Carnduff,CA,2021-03-30 19:41:46,49.1667,-101.8009,19.0,73,100,13.0
411,Tiznit,MA,2021-03-30 19:41:46,29.5833,-9.5,65.64,44,0,3.62
412,Karpathos,GR,2021-03-30 19:41:47,35.507,27.2132,57.2,44,1,23.02
413,Russell,US,2021-03-30 19:41:47,32.3502,-85.1999,77.0,61,90,5.75
414,Kirakira,SB,2021-03-30 19:41:47,-10.4544,161.9205,80.37,83,79,6.33
415,Muros,ES,2021-03-30 19:41:47,42.7762,-9.0603,63.0,75,77,7.27
416,Ca Mau,VN,2021-03-30 19:41:48,9.1769,105.15,77.16,77,74,3.51
417,Aykhal,RU,2021-03-30 19:41:48,66.0,111.5,12.2,95,100,8.43
418,Harsud,IN,2021-03-30 19:41:48,22.1,76.7333,85.39,16,0,11.07
419,Ayan,RU,2021-03-30 19:41:49,56.45,138.1667,19.26,86,100,7.31
420,Ixtapa,MX,2021-03-30 19:41:49,20.7,-105.2,82.4,42,1,10.36
421,Vestmanna,FO,2021-03-30 19:41:49,62.1564,-7.1664,35.6,80,75,13.8
422,Xingyi,CN,2021-03-30 19:41:50,24.1877,102.817,54.43,43,0,4.23
423,Chacabuco,AR,2021-03-30 19:40:00,-34.6417,-60.4739,77.0,67,0,7.0
424,Kajaani,FI,2021-03-30 19:41:50,64.2273,27.7285,37.4,65,0,14.97
425,Suzun,RU,2021-03-30 19:41:26,53.7841,82.3116,21.2,96,97,5.82
426,Champasak,LA,2021-03-30 19:41:51,14.75,106.0,76.46,55,48,2.64
427,Chinsali,ZM,2021-03-30 19:41:51,-10.5414,32.0816,61.83,98,79,6.49
428,Soyo,AO,2021-03-30 19:41:51,-6.1349,12.3689,79.57,80,94,1.92
429,Mackenzie,CA,2021-03-30 19:41:51,55.2999,-123.1698,33.8,55,90,10.36
430,Cap Malheureux,MU,2021-03-30 19:41:52,-19.9842,57.6142,78.01,75,100,3.0
431,Auki,SB,2021-03-30 19:41:52,-8.7676,160.7034,78.31,86,77,4.41
432,Laguna,US,2021-03-30 19:41:52,38.421,-121.4238,73.0,14,1,25.32
433,Bathsheba,BB,2021-03-30 19:41:53,13.2167,-59.5167,82.4,57,40,24.16
434,Baoshan,CN,2021-03-30 19:41:53,46.5586,131.4244,33.85,83,12,4.18
435,Chapais,CA,2021-03-30 19:41:53,49.7834,-74.8492,48.2,43,1,18.41
436,Vanavara,RU,2021-03-30 19:41:54,60.34,102.2797,13.12,93,100,7.18
437,Akdepe,TM,2021-03-30 19:41:54,42.0551,59.3788,44.6,65,0,9.22
438,Mbengwi,CM,2021-03-30 19:41:54,6.0167,10.0,69.75,57,17,1.86
439,Pantai Remis,MY,2021-03-30 19:41:54,4.4557,100.6288,77.0,94,40,9.22
440,Narasannapeta,IN,2021-03-30 19:41:55,18.4167,84.05,77.94,86,22,6.93
441,Riyadh,SA,2021-03-30 19:41:55,24.6877,46.7219,75.2,17,0,5.75
442,Kirillov,RU,2021-03-30 19:41:55,59.863,38.3813,37.4,100,90,6.71
443,Mayo,US,2021-03-30 19:41:56,38.8876,-76.5119,66.0,51,1,14.97
444,Znamenskoye,RU,2021-03-30 19:41:56,57.1281,73.8282,21.51,95,100,7.54
445,Maua,BR,2021-03-30 19:39:08,-23.6678,-46.4614,73.99,78,20,11.5
446,Troy,US,2021-03-30 19:41:56,42.6056,-83.1499,70.0,30,1,21.85
447,Chumikan,RU,2021-03-30 19:41:57,54.7183,135.315,22.64,96,100,4.72
448,Katherine,AU,2021-03-30 19:41:57,-14.4667,132.2667,71.6,94,46,5.75
449,Wum,CM,2021-03-30 19:41:57,6.3833,10.0667,72.55,37,9,2.37
450,Khandbari,NP,2021-03-30 19:41:58,27.3747,87.2039,62.6,42,8,4.27
451,Never,FR,2021-03-30 19:41:58,46.9896,3.159,55.99,56,0,4.21
452,Hudiksvall,SE,2021-03-30 19:41:58,61.729,17.1036,41.97,63,100,6.31
453,Joshimath,IN,2021-03-30 19:41:59,30.5667,79.5667,51.08,59,41,5.64
454,Kollo,NE,2021-03-30 19:41:59,13.3043,2.339,93.2,5,10,6.91
455,Porbandar,IN,2021-03-30 19:41:52,21.6422,69.6093,78.26,82,2,9.37
456,Hovd,MN,2021-03-30 19:41:59,48.0056,91.6419,27.03,41,6,5.5
457,Tessalit,ML,2021-03-30 19:42:00,20.1986,1.0114,79.39,5,9,10.25
458,Fevik,NO,2021-03-30 19:42:00,58.3794,8.6766,48.2,81,90,11.5
459,Ayagoz,KZ,2021-03-30 19:42:00,47.9714,80.4392,29.79,69,99,2.21
460,Lorengau,PG,2021-03-30 19:42:01,-2.0226,147.2712,81.37,75,100,6.35
461,Tazovskiy,RU,2021-03-30 19:42:01,67.4667,78.7,-24.77,96,5,7.38
462,Koson,UZ,2021-03-30 19:42:01,39.0375,65.585,42.8,81,40,6.91
463,Staryy Nadym,RU,2021-03-30 19:42:02,65.6118,72.6842,-16.73,89,90,9.06
464,Trairi,BR,2021-03-30 19:42:02,-3.2778,-39.2689,80.62,77,89,7.23
465,Seka,TH,2021-03-30 19:42:02,17.9285,103.9552,90.0,52,81,3.27
466,Praya,CV,2021-03-30 19:42:03,14.9215,-23.5087,71.6,64,0,19.57
467,Ahipara,NZ,2021-03-30 19:42:03,-35.1667,173.1667,65.84,91,31,6.55
468,Illapel,CL,2021-03-30 19:42:03,-31.6308,-71.1653,75.02,48,0,8.32
469,Chato,TZ,2021-03-30 19:42:04,-2.6378,31.7669,64.13,93,100,2.35
470,Prince George,CA,2021-03-30 19:38:26,53.9166,-122.753,39.99,75,90,13.8
471,Cardoso,BR,2021-03-30 19:42:04,-20.0819,-49.9142,87.08,39,50,8.08
472,Karabash,RU,2021-03-30 19:42:04,55.4808,60.2157,27.55,94,77,4.97
473,Mikuni,JP,2021-03-30 19:42:05,36.2171,136.1519,42.8,87,20,1.14
474,Qaqortoq,GL,2021-03-30 19:42:05,60.7167,-46.0333,44.6,39,75,11.5
475,Lavrentiya,RU,2021-03-30 19:42:06,65.5833,-171.0,4.5,74,100,6.42
476,Makat,KZ,2021-03-30 19:42:06,47.6469,53.3463,34.11,77,1,7.65
477,Mehamn,NO,2021-03-30 19:42:06,71.0357,27.8492,34.72,98,100,20.78
478,Salalah,OM,2021-03-30 19:42:07,17.0151,54.0924,84.2,54,0,2.3
479,Datong,CN,2021-03-30 19:42:07,40.0936,113.2914,48.43,33,96,6.08
480,Batemans Bay,AU,2021-03-30 19:42:07,-35.7167,150.1833,54.0,92,66,5.01
481,Thung Song,TH,2021-03-30 19:42:08,8.1645,99.6804,74.8,93,100,1.72
482,Cortes,ES,2021-03-30 19:42:08,41.9395,-1.4396,66.2,45,15,11.5
483,Nalut,LY,2021-03-30 19:42:08,30.3333,10.85,67.89,17,100,12.57
484,Puerto Del Rosario,ES,2021-03-30 19:42:08,28.5004,-13.8627,68.0,73,20,1.21
485,Agropoli,IT,2021-03-30 19:42:09,40.3469,14.9966,64.0,44,7,8.01
486,Aginskoye,RU,2021-03-30 19:42:09,51.1,114.53,32.14,77,13,3.49
487,Mosquera,CO,2021-03-30 19:42:09,4.7059,-74.2302,64.4,63,75,12.66
488,Arkhara,RU,2021-03-30 19:42:10,49.4212,130.0842,31.08,90,80,4.7
489,Parana,AR,2021-03-30 19:41:00,-31.732,-60.5238,82.0,36,8,1.99
490,Luga,RU,2021-03-30 19:42:10,58.7372,29.8453,44.85,94,100,9.46
491,Bac Lieu,VN,2021-03-30 19:42:10,9.285,105.7244,80.08,73,4,5.59
492,Mnogovershinnyy,RU,2021-03-30 19:42:11,53.9353,139.9242,17.44,94,100,5.59
493,Cayenne,GF,2021-03-30 19:42:11,4.9333,-52.3333,84.2,70,75,14.97
494,Loikaw,MM,2021-03-30 19:42:11,19.6742,97.2094,68.05,44,12,3.36
495,Santa Fe,AR,2021-03-30 19:41:00,-31.6333,-60.7,82.0,36,2,1.99
496,Vodnyy,RU,2021-03-30 19:42:12,63.5046,53.4095,32.45,95,100,12.75
497,Caltagirone,IT,2021-03-30 19:42:12,37.2368,14.5126,59.0,87,20,2.3
498,Nicoya,CR,2021-03-30 19:42:12,10.1483,-85.452,91.4,43,40,25.32
499,Atambua,ID,2021-03-30 19:42:13,-9.1061,124.8925,71.76,91,99,5.75
500,Valenca Do Piaui,BR,2021-03-30 19:42:13,-6.4075,-41.7456,75.94,88,98,4.59
501,Uyuni,BO,2021-03-30 19:42:13,-20.4597,-66.825,61.3,21,28,12.3
502,Obanazawa,JP,2021-03-30 19:42:14,38.6033,140.4019,44.06,95,33,3.74
503,Arkansas City,US,2021-03-30 19:41:54,37.062,-97.0384,61.0,23,1,18.41
504,Alice Springs,AU,2021-03-30 19:42:14,-23.7,133.8833,60.8,51,0,8.05
505,Lazaro Cardenas,MX,2021-03-30 19:42:14,17.9583,-102.2,85.57,42,11,11.61
506,Zaria,NG,2021-03-30 19:42:15,11.1113,7.7227,77.63,11,44,10.76
507,Ucluelet,CA,2021-03-30 19:41:47,48.9329,-125.5528,48.0,71,75,9.22
508,Adrar,MR,2021-03-30 19:42:15,20.5022,-10.0711,86.31,8,18,8.99
509,Freeport,US,2021-03-30 19:38:28,40.6576,-73.5832,57.99,44,1,16.11
510,Bafq,IR,2021-03-30 19:42:16,31.6128,55.4107,60.48,17,0,7.16
511,Visnes,NO,2021-03-30 19:42:16,59.3556,5.2242,46.4,93,75,11.5
512,Tsumeb,NA,2021-03-30 19:42:16,-19.2333,17.7167,60.8,100,75,3.44
513,Kalangala,UG,2021-03-30 19:42:17,-0.3089,32.225,69.46,74,78,5.1
514,Coahuayana,MX,2021-03-30 19:42:17,18.7333,-103.6833,86.0,32,40,6.91
515,Kyshtovka,RU,2021-03-30 19:42:17,56.555,76.6271,16.63,95,100,8.97
516,Fort Nelson,CA,2021-03-30 19:42:18,58.8053,-122.7002,23.0,63,75,8.05
517,Svetlyy,RU,2021-03-30 19:42:18,54.675,20.1347,53.6,82,0,17.9
518,Vadso,NO,2021-03-30 19:42:18,70.0744,29.7487,33.8,80,40,17.27
519,Tromso,NO,2021-03-30 19:42:18,69.6496,18.957,35.6,93,75,6.91
520,Moose Factory,CA,2021-03-30 19:42:19,51.2585,-80.6094,46.4,76,90,23.02
521,Wanning,CN,2021-03-30 19:37:19,18.8003,110.3967,73.94,94,16,10.74
522,Marzuq,YE,2021-03-30 19:42:19,14.4,46.4667,69.48,29,97,5.75
523,Serenje,ZM,2021-03-30 19:42:19,-13.2325,30.2352,58.86,96,52,7.18
524,Vostok,RU,2021-03-30 19:42:20,46.4856,135.8833,30.78,95,100,4.03
525,Traiguen,CL,2021-03-30 19:42:20,-38.25,-72.6833,78.64,32,0,9.19
526,Leh,IN,2021-03-30 19:42:20,34.1667,77.5833,31.19,79,85,6.33
527,Marawi,PH,2021-03-30 19:42:21,7.9986,124.2928,75.99,93,100,1.99
528,Tigre,AR,2021-03-30 19:42:21,-34.426,-58.5796,75.0,46,20,10.36
529,Bada,RU,2021-03-30 19:42:22,51.392,109.8717,31.12,96,96,2.93
530,Manavalakurichi,IN,2021-03-30 19:42:22,8.1333,77.3,86.0,74,20,7.7
531,George Town,MY,2021-03-30 19:42:22,5.4112,100.3354,82.4,89,20,2.39
532,Goderich,CA,2021-03-30 19:42:23,43.7501,-81.7165,59.0,41,100,24.16
533,Mumbwa,ZM,2021-03-30 19:42:23,-14.9783,27.0619,60.75,87,34,5.82
534,Te Anau,NZ,2021-03-30 19:42:23,-45.4167,167.7167,52.07,94,38,1.32
535,Katakwi,UG,2021-03-30 19:42:24,1.8911,33.9661,68.2,86,100,3.98
536,Royan,FR,2021-03-30 19:42:24,45.6285,-1.0281,66.2,42,0,2.3
537,Kirkuk,IQ,2021-03-30 19:42:24,35.4681,44.3922,58.91,32,77,5.03
538,Morondava,MG,2021-03-30 19:42:25,-20.2833,44.2833,75.99,73,3,13.82
539,Sibu,MY,2021-03-30 19:42:25,2.3,111.8167,77.0,94,40,3.44
540,Myronivka,UA,2021-03-30 19:42:25,49.6601,30.9823,41.68,58,50,6.91
541,Najran,SA,2021-03-30 19:42:25,17.4924,44.1277,75.2,22,0,4.61
542,Nkhata Bay,MW,2021-03-30 19:42:26,-11.6066,34.2907,71.02,85,26,4.38
543,Izazi,TZ,2021-03-30 19:42:26,-7.2,35.7333,66.2,82,40,3.42
544,Charlestown,AU,2021-03-30 19:42:26,-32.95,151.6667,61.0,95,99,7.96
545,Yar-Sale,RU,2021-03-30 19:42:27,66.8333,70.8333,-10.34,90,100,9.86
546,Itacare,BR,2021-03-30 19:42:27,-14.2775,-38.9967,80.1,69,37,8.86
547,College,US,2021-03-30 19:42:27,64.8569,-147.8028,33.01,74,90,3.24
548,Ormara,PK,2021-03-30 19:41:37,25.2088,64.6357,82.49,31,7,12.55
549,Bubaque,GW,2021-03-30 19:42:28,11.2833,-15.8333,75.78,74,59,17.0
550,Newport,GB,2021-03-30 19:41:54,51.5877,-2.9984,60.8,41,23,9.22
551,Alferrarede,PT,2021-03-30 19:42:28,39.4833,-8.1667,69.01,99,24,3.0
552,Lac Du Bonnet,CA,2021-03-30 19:42:29,50.2536,-96.0612,17.01,99,100,8.01
553,Naushki,RU,2021-03-30 19:42:29,50.3828,106.1056,35.96,82,100,8.66
554,Pahrump,US,2021-03-30 19:39:04,36.2083,-115.9839,66.0,6,0,5.99
555,Bella Union,UY,2021-03-30 19:42:29,-30.2752,-57.6007,75.27,49,52,8.19
556,Olafsvik,IS,2021-03-30 19:42:30,64.8945,-23.7142,37.96,65,17,10.76
557,Atar,MR,2021-03-30 19:42:30,20.5169,-13.0499,88.2,13,10,6.76
558,Simao,CN,2021-03-30 19:42:30,22.7886,100.9748,60.06,40,0,1.57
559,Beckley,US,2021-03-30 19:37:58,37.7782,-81.1882,75.2,26,1,13.8
560,Porangatu,BR,2021-03-30 19:42:31,-13.4408,-49.1486,88.86,52,2,3.2
